year,sex,age,mx,qx,source,source_year,estimate_type,estimate_method
2025,Male,55,0.01323428,0.013147091963878421,UN World Population Prospects 2024,2024,Model-based Estimates,Projection
2025,Male,56,0.01390775,0.01381148404267496,UN World Population Prospects 2024,2024,Model-based Estimates,Projection
2025,Male,57,0.01473535,0.01462731602064371,UN World Population Prospects 2024,2024,Model-based Estimates,Projection
2025,Male,58,0.01578996,0.01566595213261568,UN World Population Prospects 2024,2024,Model-based Estimates,Projection
2025,Male,59,0.01711607,0.01697042223024592,UN World Population Prospects 2024,2024,Model-based Estimates,Projection
2025,Male,60,0.01872098,0.018546830894521915,UN World Population Prospects 2024,2024,Model-based Estimates,Projection
2025,Male,61,0.02055585,0.020346018728244042,UN World Population Prospects 2024,2024,Model-based Estimates,Projection
2025,Male,62,0.02256777,0.022315022762764203,UN World Population Prospects 2024,2024,Model-based Estimates,Projection
2025,Male,63,0.02469616,0.02439370478374292,UN World Population Prospects 2024,2024,Model-based Estimates,Projection
2025,Male,64,0.02691081,0.02655194051494225,UN World Population Prospects 2024,2024,Model-based Estimates,Projection
2025,Male,65,0.0292366,0.028813345481299102,UN World Population Prospects 2024,2024,Model-based Estimates,Projection
2025,Male,66,0.03172675,0.03122873733691134,UN World Population Prospects 2024,2024,Model-based Estimates,Projection
2025,Male,67,0.0344809,0.03389320784999994,UN World Population Prospects 2024,2024,Model-based Estimates,Projection
2025,Male,68,0.03759095,0.036893180827865524,UN World Population Prospects 2024,2024,Model-based Estimates,Projection
2025,Male,69,0.04112559,0.040291407423328596,UN World Population Prospects 2024,2024,Model-based Estimates,Projection
2025,Male,70,0.04513036,0.04412713387600342,UN World Population Prospects 2024,2024,Model-based Estimates,Projection
2025,Male,71,0.04960263,0.04839251035197312,UN World Population Prospects 2024,2024,Model-based Estimates,Projection
2025,Male,72,0.05454024,0.053079595985896844,UN World Population Prospects 2024,2024,Model-based Estimates,Projection
2025,Male,73,0.05994274,0.05818153943464355,UN World Population Prospects 2024,2024,Model-based Estimates,Projection
2025,Male,74,0.06583134,0.06371123456138028,UN World Population Prospects 2024,2024,Model-based Estimates,Projection
2025,Male,75,0.07227679,0.06972663019349024,UN World Population Prospects 2024,2024,Model-based Estimates,Projection
2025,Male,76,0.07936748,0.07629957936209819,UN World Population Prospects 2024,2024,Model-based Estimates,Projection
2025,Male,77,0.08721884,0.08352348803379073,UN World Population Prospects 2024,2024,Model-based Estimates,Projection
2025,Male,78,0.09593222,0.09147440615343738,UN World Population Prospects 2024,2024,Model-based Estimates,Projection
2025,Male,79,0.10555734,0.10017712447618021,UN World Population Prospects 2024,2024,Model-based Estimates,Projection
2025,Male,80,0.11611163,0.10962417490369025,UN World Population Prospects 2024,2024,Model-based Estimates,Projection
2025,Male,81,0.12755716,0.11975690029937913,UN World Population Prospects 2024,2024,Model-based Estimates,Projection
2025,Male,82,0.13988215,0.1305393046958211,UN World Population Prospects 2024,2024,Model-based Estimates,Projection
2025,Male,83,0.15317523,0.14202063508585494,UN World Population Prospects 2024,2024,Model-based Estimates,Projection
2025,Male,84,0.16762878,0.1543322948109297,UN World Population Prospects 2024,2024,Model-based Estimates,Projection
2025,Male,85,0.18364002,0.16776466201274776,UN World Population Prospects 2024,2024,Model-based Estimates,Projection
2025,Male,86,0.20166223,0.1826290352881068,UN World Population Prospects 2024,2024,Model-based Estimates,Projection
2025,Male,87,0.22209675,0.19916212047845194,UN World Population Prospects 2024,2024,Model-based Estimates,Projection
2025,Male,88,0.24521087,0.21746049326340255,UN World Population Prospects 2024,2024,Model-based Estimates,Projection
2025,Male,89,0.27080904,0.2372378604432156,UN World Population Prospects 2024,2024,Model-based Estimates,Projection
2025,Male,90,0.29840202,0.2579970202594676,UN World Population Prospects 2024,2024,Model-based Estimates,Projection
2025,Male,91,0.32712571,0.27900689871332296,UN World Population Prospects 2024,2024,Model-based Estimates,Projection
2025,Male,92,0.35603707,0.29955334580349624,UN World Population Prospects 2024,2024,Model-based Estimates,Projection
2025,Male,93,0.38467183,0.3193260236653682,UN World Population Prospects 2024,2024,Model-based Estimates,Projection
2025,Male,94,0.41285644,0.33824272211624684,UN World Population Prospects 2024,2024,Model-based Estimates,Projection
2025,Male,95,0.441071,0.35665297268757756,UN World Population Prospects 2024,2024,Model-based Estimates,Projection
2025,Male,96,0.46999465,0.3749943879462193,UN World Population Prospects 2024,2024,Model-based Estimates,Projection
2025,Male,97,0.50004226,0.39349497173144976,UN World Population Prospects 2024,2024,Model-based Estimates,Projection
2025,Male,98,0.53146541,0.41225694624591214,UN World Population Prospects 2024,2024,Model-based Estimates,Projection
2025,Male,99,0.56384511,0.43098308061549984,UN World Population Prospects 2024,2024,Model-based Estimates,Projection
2025,Female,55,0.009233,0.009190506736164061,UN World Population Prospects 2024,2024,Model-based Estimates,Projection
2025,Female,56,0.00973286,0.009685649008249198,UN World Population Prospects 2024,2024,Model-based Estimates,Projection
2025,Female,57,0.01034433,0.010291011425109686,UN World Population Prospects 2024,2024,Model-based Estimates,Projection
2025,Female,58,0.0111246,0.011062950458026077,UN World Population Prospects 2024,2024,Model-based Estimates,Projection
2025,Female,59,0.01211328,0.012040209562296678,UN World Population Prospects 2024,2024,Model-based Estimates,Projection
2025,Female,60,0.01332581,0.013237414476878095,UN World Population Prospects 2024,2024,Model-based Estimates,Projection
2025,Female,61,0.01473858,0.014630498769272804,UN World Population Prospects 2024,2024,Model-based Estimates,Projection
2025,Female,62,0.01632637,0.016193817170532587,UN World Population Prospects 2024,2024,Model-based Estimates,Projection
2025,Female,63,0.01805536,0.01789333857144937,UN World Population Prospects 2024,2024,Model-based Estimates,Projection
2025,Female,64,0.01991001,0.019713114645592222,UN World Population Prospects 2024,2024,Model-based Estimates,Projection
2025,Female,65,0.02191052,0.02167222809621716,UN World Population Prospects 2024,2024,Model-based Estimates,Projection
2025,Female,66,0.02409502,0.02380705250302706,UN World Population Prospects 2024,2024,Model-based Estimates,Projection
2025,Female,67,0.02653752,0.026188494257610717,UN World Population Prospects 2024,2024,Model-based Estimates,Projection
2025,Female,68,0.0293057,0.028880452160563896,UN World Population Prospects 2024,2024,Model-based Estimates,Projection
2025,Female,69,0.03244874,0.031927928066112,UN World Population Prospects 2024,2024,Model-based Estimates,Projection
2025,Female,70,0.03599532,0.035355191989739465,UN World Population Prospects 2024,2024,Model-based Estimates,Projection
2025,Female,71,0.03993091,0.03914417761214328,UN World Population Prospects 2024,2024,Model-based Estimates,Projection
2025,Female,72,0.04424337,0.0432789080741901,UN World Population Prospects 2024,2024,Model-based Estimates,Projection
2025,Female,73,0.04892678,0.04774914904671468,UN World Population Prospects 2024,2024,Model-based Estimates,Projection
2025,Female,74,0.05400359,0.05257129477335876,UN World Population Prospects 2024,2024,Model-based Estimates,Projection
2025,Female,75,0.0595586,0.057819679793270407,UN World Population Prospects 2024,2024,Model-based Estimates,Projection
2025,Female,76,0.06570407,0.063592065507041,UN World Population Prospects 2024,2024,Model-based Estimates,Projection
2025,Female,77,0.07259239,0.07002017814469796,UN World Population Prospects 2024,2024,Model-based Estimates,Projection
2025,Female,78,0.08036766,0.07722298418631512,UN World Population Prospects 2024,2024,Model-based Estimates,Projection
2025,Female,79,0.08911965,0.0852638811501667,UN World Population Prospects 2024,2024,Model-based Estimates,Projection
2025,Female,80,0.09889372,0.09416102452588104,UN World Population Prospects 2024,2024,Model-based Estimates,Projection
2025,Female,81,0.1096386,0.10384205173749705,UN World Population Prospects 2024,2024,Model-based Estimates,Projection
2025,Female,82,0.12126878,0.11420415661291339,UN World Population Prospects 2024,2024,Model-based Estimates,Projection
2025,Female,83,0.13368171,0.12513151781858844,UN World Population Prospects 2024,2024,Model-based Estimates,Projection
2025,Female,84,0.14676996,0.13650740759329538,UN World Population Prospects 2024,2024,Model-based Estimates,Projection
2025,Female,85,0.16048052,0.1482655848032438,UN World Population Prospects 2024,2024,Model-based Estimates,Projection
2025,Female,86,0.17479932,0.16037450009123322,UN World Population Prospects 2024,2024,Model-based Estimates,Projection
2025,Female,87,0.18983102,0.17290111469492386,UN World Population Prospects 2024,2024,Model-based Estimates,Projection
2025,Female,88,0.20577233,0.18598161724704032,UN World Population Prospects 2024,2024,Model-based Estimates,Projection
2025,Female,89,0.22298414,0.19987246078330523,UN World Population Prospects 2024,2024,Model-based Estimates,Projection
2025,Female,90,0.24191923,0.21488041089986876,UN World Population Prospects 2024,2024,Model-based Estimates,Projection
2025,Female,91,0.26306873,0.23131093650378698,UN World Population Prospects 2024,2024,Model-based Estimates,Projection
2025,Female,92,0.28687345,0.24939328789370807,UN World Population Prospects 2024,2024,Model-based Estimates,Projection
2025,Female,93,0.31336787,0.2690190428631042,UN World Population Prospects 2024,2024,Model-based Estimates,Projection
2025,Female,94,0.34230103,0.28986559922857214,UN World Population Prospects 2024,2024,Model-based Estimates,Projection
2025,Female,95,0.37286132,0.3112392564389933,UN World Population Prospects 2024,2024,Model-based Estimates,Projection
2025,Female,96,0.40401588,0.3323664808355359,UN World Population Prospects 2024,2024,Model-based Estimates,Projection
2025,Female,97,0.43485426,0.352640993695053,UN World Population Prospects 2024,2024,Model-based Estimates,Projection
2025,Female,98,0.4646426,0.3716403592016412,UN World Population Prospects 2024,2024,Model-based Estimates,Projection
2025,Female,99,0.49337221,0.3894360312480256,UN World Population Prospects 2024,2024,Model-based Estimates,Projection
